"UCWAlDdbQee8AEyY7n65ulUA","WhiteTails"
"UCoqRFblrxE8BQzE_Fs2K9jw","Nakamu"
"UChBKIvOv1UQxuV23GkbV5nA","ぶるーく"
"UCZFJb6rn_1H-rLFLcixQOLQ","シャークん"
"UCoIoxmP0i8KOAMyEfM0ORkA","きんとき"
"UCj8L3CH25EAqkXjFOMdwk7w","スマイル"
"UCM2_EXlU8F5d9axobMvlGtg","きりやん"
"UCD-miitqNY3nyukJ4Fnf4_A","月ノ美兎"
"UCYKP16oMX9KKPbrNgo_Kgag","える"
"UCLO9QDxVL4bnvRRsz6K4bsQ","勇気ちひろ"
"UCsg-YqdqQ-KFF0LNk23BY4A","樋口楓"
"UC6oDys1BGgBsIC3WhG1BovQ","静凛"
"UCeK9HFcRZoTrvqcUCtccMoQ","渋谷ハジメ"
"UCpnvhOIJ6BN-vPkYU9ls-Eg","鈴谷アキ"
"UCvmppcdYf4HOv-tFQhHHJMA","モイラ"
"UCwokZsOK_uEre70XayaFnzA","鈴鹿詩子"
"UCmUjjW5zF1MMOhYUwwwQv9Q","宇志海いちご"
"UC_GCs6GARLxEHxy1w40d6VQ","家長むぎ"
"UC48jH1ul-6HOrcSSfoR02fQ","夕陽リリ"
"UCt0clH12Xk1-Ej5PXKGfdPA","物述有栖"
"UCBiqkFJljoxAj10SoP2w2Cg","文野環"
"UCXU7YYxy_iQd3ulXyO-zC2w","伏見ガク"
"UCUzJ90o1EjqUbk2pBAy0_aw","ギルザレンIII世"
"UCv1fFr156jc65EMiLbaLImw","剣持刀也"
"UCtpB6Bvhs1Um93ziEDACQ8g","森中花咲"
"UCspv01oxUFf_MTSipURRhkA","叶"
"UCBi8YaVyZpiKWN3_Z0dCTfQ","赤羽葉子"
"UCoztvTULBYd3WmStqYeoHcA","笹木咲"
"UC0g1AE0DOjBYnLhkgoRWN1w","本間ひまわり"
"UC9EjSJ8pvxtvPdxLOElv73w","魔界ノりりむ"
"UCSFCh5NL4qXrAy9u-u2lX3g","葛葉"
"UC_4tXjqecqox5Uc05ncxpxg","椎名唯華"
"UC53UDnhAAYwvNO7j_2Ju1cQ","ドーラ"
"UCRV9d6YCYIMUszK-83TwxVA","轟京子"
"UC1zFJrfEKvCixhsjNSb1toQ","シスター・クレア"
"UCsFn_ueskBkMCEyzCEqAOvg","花畑チャイカ"
"UCKMYISTJAQ8xTplUPHiABlA","社築"
"UC6TfqY40Xt1Y0J-N18c85qQ","安土桃"
"UCryOPk2GZ1meIDt53tL30Tw","鈴木勝(新)"
"UCaF-mODqAziHivqg0Q61XKQ","鈴木勝(旧)"
"UCt5-0i4AVHXaWJrL8Wql3mw","緑仙(メイン)"
"UCTi_rzf5QIkXjhJjkbcAdTg","緑仙(サブ)"
"UC3lNFeJiTq6L3UWoz4g1e-A","卯月コウ"
"UCWz0CSYCxf4MhRKPDm220AQ","神田笑一"
"UCiSRx1a2k-0tOg-fs6gAolQ","飛鳥ひな"
"UCtAvQ5U0aXyKwm2i4GqFgJg","春崎エアル"
"UCRWOdwLRsenx2jLaiCAIU4A","雨森小夜"
"UCV5ZZlLjk5MKGg3L0n0vbzw","鷹宮リオン"
"UCJubINhCcFXlsBwnHp0wl_g","舞元啓介"
"UCPvGypSgfDkVe7JG2KygK7A","竜胆尊"
"UCo7TRj3cS-f_1D9ZDmuTsjw","町田ちま"
"UCjlmCrq4TP1I4xguOtJ-31w","でびでび・でびる(新)"
"UCP19rQ5V-46B-6ZeLDJqp5w","でびでび・でびる(旧)"
"UChUJbHiTVeGrSkTdBzVfNCQ","ジョー・力一"
"UCfQVs_KuXeNAlGa3fb8rlnQ","桜凛月"
"UCoM_XmK45j504hfUWvN06Qg","成瀬鳴"
"UCbc8fwhdUNlqi-J99ISYu4A","ベルモンド・バンデラス"
"UCvzVB-EYuHFXHZrObB8a_Og","矢車りね"
"UCTIE7LM5X15NVugV7Krp9Hw","夢追翔"
"UCmeyo5pRj_6PXG-CsGUuWWg","黒井しば"
"UCveZ9Ic1VtcXbsyaBgxPMvg","童田明治"
"UCeShTCVgZyq2lsBW9QwIJcw","郡道美玲"
"UCCVwhI5trmaSxfcze_Ovzfw","夢月ロア"
"UCg63a3lk6PNeWhVvMRM_mrQ","小野町春香"
"UCHK5wkevfaGrPr7j3g56Jmw","瀬戸美夜子"
"UCufQu4q65z63IgE4cfKs1BQ","語部紡"
"UCXRlIK3Cw_TJIQC5kSJJQMg","戌亥とこ"
"UCHVXbQzkl3rDfsXWo8xi2qw","アンジュ・カトリーナ"
"UCZ1xuCK1kNmn5RzPYIZop3w","リゼ・ヘルエスタ"
"UCNW1Ex0r6HsWRD4LCtPwvoQ","三枝明那"
"UC0WwEfE-jOM2rzjpdfhTzZA","愛園愛美"
"UCHX7YpFG8rVwhsHCx34xt7w","雪城眞尋"
"UCIytNcoz4pWzXfLda0DoULQ","エクス・アルビオ"
"UCtnO2N4kPTXmyvedjGWdx3Q","レヴィ・エリファ"
"UCfipDDn7wY-C-SoUChgxCQQ","葉山舞鈴"
"UCUc8GZfFxtmk7ZwSO7ccQ0g","ニュイ・ソシエール"
"UCGYAYLDE7TZiiC8U6teciDQ","葉加瀬冬雪"
"UCmovZ2th3Sqpd00F5RdeigQ","加賀美ハヤト"
"UCL34fAoFim9oHLbVzMKFavQ","夜見れな"
"UCb5JxV6vKlYVknoJB8TnyYg","黛灰"
"UCdpUojq0KWZCN9bxXnZwz5w","アルス･アルマル"
"UCnRQYHTnRLSF0cLJwMnedCg","相羽ういは"
"UCkIimWZ9gBJRamKF0rmPU8w","天宮こころ"
"UCpNH2Zk2gw3JBjWAKSyZcQQ","エリー・コニファー"
"UCIG9rDtgR45VCZmYnd-4DUw","ラトナ・プティ(1st)"
"UCpfjQCCavrO-rnKaAaIF9dg","ラトナ・プティ(2nd)"
"UC2OacIzd2UxGHRGhdHl1Rhw","早瀬走"
"UC8C1LLhBhf_E2IBPLSDJXlQ","健屋花那"
"UCHBhnG2G-qN0JrrWmMO2FTA","シェリン・バーガンディ"
"UCwrjITPwG4q71HzihV2C7Nw","フミ"
"UC9V3Y3_uzU5e-usObb6IE1w","星川サラ"
"UCllKI7VjyANuS1RXatizfLQ","山神カルタ"
"UCl1oLKcAq93p-pwKfDGhiYQ","えま★おうがすと"
"UCb6ObE-XGCctO3WrjRZC-cw","ルイス・キャミー"
"UCerkculBD7YLc_vOGrF7tKg","魔使マオ"
"UCuvk5PilcvDECU7dDZhQiEw","白雪巴"
"UC1QgXt46-GEvtNjEC1paHnw","グウェル・オス・ガール"
"UC6wvdADTJ88OfIbJYIpAaDA","不破湊"
"UCfki3lMEF6SGBFiFfo9kvUA","ましろ"
"UC-o-E6I3IC2q8sAoAuM6Umg","奈羅花"
"UCRcLAVTbmx2-iNcXSsupdNA","来栖夏芽"
"UCwcyyxn6h9ex4sMXGtpQE_g","メリッサ・キンレンカ"
"UCuep1JCrMvSxOGgGhBfJuYw","フレン・Ｅ・ルスタリオ"
"UCmZ1Rbthn-6Jm_qOGjYsh5A","イブラヒム"
"UCXW4MqCQn-jCaxlX-nn-BYg","長尾景"
"UCGw7lrT-rVZCWHfdG9Frcgg","弦月藤士郎"
"UCo2N7C-Z91waaR6lF3LL_jw","甲斐田晴"
"UC_82HBGtvwN1hcGeOGHzUBQ","空星きらめ"
"UCL_O_HXgLJx3Auteer0n0pA","周央サンゴ"
"UCe_p3YEuYJb8Np0Ip9dk-FQ","朝日南アカネ"
"UCRqBKoKuX30ruKAq05pCeRQ","北小路ヒスイ"
"UCebT4Aq-3XWb5je1S1FvR_A","東堂コハク"
"UCkngxfPbmGyGl_RIq4FA3MQ","西園チグサ"
"UC8oPnditPSp5lZu45fnXWCA","アクシア・クローネ"
"UCgmFrRcyH7d1zR9sIVQhFow","ローレン・イロアス"
"UC-6rZgmxZSIbq786j3RD5ow","レオス・ヴィンセント"
"UCqjTqdVlvIipZXIKeCkHKUA","オリバーエバンス"
"UCRm6lqtdxs_Qo6HeL-SRQ-w","レイン・パターソン"
"UCtHY-tP0dyykhTRMmnfPs_g","海妹四葉"
"UCAQDFeCTVdx90GtwohwjHzQ","天ヶ瀬むゆ"
"UCe22Bcwd_GCpTjLxn83zl7A","先斗寧"
"UCzUNASdzI4PV5SlqtYwAkKQ","小森めと"
"UCIu-aUArYq_H84dBpCAokMA","白雪レイド"
"UC5LyYg6cCA4yHEYvtUsir3g","一ノ瀬うるは"
"UCyLGcqYs7RsBb3L0SJfzGYA","花芽すみれ"
"UCiMG6VdScBabPhJ1ZtaVmbw","花芽なずな"
"UCgTzsBI0DIRopMylJEDqnog","小雀とと"
"UCGWa1dMU_sDCaRQjdabsVgg","如月れん"
"UCIcAj6WkJ8vZ7DeJVgmeqKw","胡桃のあ"
"UCvUc0m317LWTTPZoBQV479A","橘ひなの"
"UCF_U2GCKHvDz52jWdizppIA","空澄セナ"
"UCurEA8YoqFwimJcAuSHU0MQ","英リサ"
"UCnvVG9RbOW3J6Ifqo-zKLiw","兎咲ミミ"
"UCMp55EbT_ZlqiMS3lCj01BQ","神成きゅぴ"
"UCjXBuHmWkieBApgBhDuJMMQ","八雲べに"
"UCD5W21JqNMv_tV9nfjvF9sw","紫宮るな"
"UCPkKpOHxEDcwmUAnRpIu-Ng","藍沢エマ"